NO,address,latitude,longitude
2021_00019,서울특별시 강서구 화곡로21길 71-1,,
2021_00052,서울특별시 용산구 한강대로62길 45-1,,
2021_00223,서울특별시 서초구 신반포로 32,,
2021_00256,서울특별시 강서구 화곡로21길 71-1,,
2021_00404,서울특별시 은평구 서오릉로 80-1,,
2021_00668,서울특별시 용산구 유엔빌리지길 80-1,,
2021_01091,서울특별시 금천구 시흥대로 291-1,,
2021_01351,서울특별시 용산구 유엔빌리지길 80-1,,
2021_01427,서울특별시 서초구 잠원로 195,,
2021_01442,서울특별시 용산구 유엔빌리지길 80-1,,
2021_01453,서울특별시 강서구 화곡로21길 71-1,,
2021_01563,서울특별시 서초구 신반포로 32,,
2021_01694,서울특별시 서초구 신반포로 45,,
2021_02270,서울특별시 중구 서소문로 89-1,,
2021_02329,서울특별시 은평구 서오릉로 80-1,,
2021_02338,서울특별시 금천구 시흥대로 291-1,,
2021_02374,서울특별시 서초구 신반포로 45,,
2021_02380,서울특별시 서초구 신반포로 32,,
2021_02485,서울특별시 중구 서소문로 89-1,,
2021_02516,서울특별시 은평구 서오릉로 119-1,,
2021_02601,서울특별시 강서구 화곡로21길 71-1,,
2021_02654,서울특별시 금천구 시흥대로 291-1,,
2021_02814,서울특별시 서초구 나루터로4길 49,,
2021_02815,서울특별시 서초구 신반포로 45,,
2021_02938,서울특별시 강서구 화곡로21길 71-1,,
2021_02946,서울특별시 은평구 연서로28길 12-1,,
2021_03273,서울특별시 강동구 진황도로 12,,
2021_03299,서울특별시 종로구 평창문화로 171,,
2021_03324,서울특별시 종로구 평창문화로 171,,
2021_03467,서울특별시 금천구 시흥대로 291-1,,
2021_03542,서울특별시 서초구 신반포로 45,,
2021_03649,서울특별시 금천구 시흥대로 291-1,,
2021_03694,서울특별시 금천구 시흥대로 291-1,,
2021_03835,서울특별시 서초구 신반포로 45,,
2021_03885,서울특별시 강서구 곰달래로18길 33-1,,
2021_04112,서울특별시 금천구 시흥대로 291-1,,
2021_04113,서울특별시 금천구 시흥대로 291-1,,
2021_04114,서울특별시 금천구 시흥대로 291-1,,
2021_04323,서울특별시 서초구 신반포로 45,,
2021_04379,서울특별시 은평구 서오릉로 80-1,,
2021_04444,서울특별시 서초구 나루터로4길 28,,
2021_04479,서울특별시 노원구 화랑로43길 34,,
2021_04774,서울특별시 금천구 시흥대로 291-1,,
2021_04778,서울특별시 금천구 시흥대로 291-1,,
2021_04779,서울특별시 은평구 은평로 116-1,,
2021_04795,서울특별시 서초구 신반포로 32,,
2021_04801,서울특별시 서초구 신반포로 32,,
2021_05078,서울특별시 서초구 나루터로4길 49,,
2021_05079,서울특별시 서초구 나루터로4길 39,,
2021_05147,서울특별시 노원구 노원로1길 103,,
2021_05162,서울특별시 강서구 화곡로21길 71-1,,
2021_05188,서울특별시 금천구 시흥대로 291-1,,
2021_05491,서울특별시 서초구 신반포로 32,,
2021_05628,서울특별시 서초구 신반포로 32,,
2021_05682,서울특별시 강서구 화곡로21길 71-1,,
2021_05805,서울특별시 강남구 남부순환로 2803,,
2021_05810,서울특별시 서초구 강남대로39길 15-1,,
2021_05814,서울특별시 서초구 강남대로39길 15-1,,
2021_06354,서울특별시 동대문구 한천로24길 74-11,,
2021_06481,서울특별시 서초구 신반포로 32,,
2021_06588,서울특별시 은평구 통일로65길 3-1,,
2021_06624,서울특별시 은평구 통일로65길 1-1,,
2021_06803,서울특별시 용산구 유엔빌리지길 80-1,,
2021_07025,서울특별시 중랑구 봉화산로1길 16,,
2021_07186,서울특별시 송파구 성내천로6길 1-13,,
2021_07292,서울특별시 광진구 뚝섬로 45,,
2021_07353,서울특별시 용산구 한강대로62길 45-1,,
2021_07410,서울특별시 강남구 남부순환로 2803,,
2021_07452,서울특별시 금천구 시흥대로 291-1,,
2021_07572,서울특별시 서초구 나루터로4길 39,,
2021_07596,서울특별시 금천구 시흥대로 291-1,,
2021_07665,서울특별시 은평구 서오릉로 80-1,,
2021_07761,서울특별시 은평구 서오릉로 80-1,,
2021_07775,서울특별시 은평구 서오릉로 80-1,,
2021_07932,서울특별시 서초구 신반포로 9,,
2021_08146,서울특별시 금천구 시흥대로 291-1,,
2021_08416,서울특별시 금천구 시흥대로 291-1,,
2021_08512,서울특별시 서초구 신반포로 32,,
2021_08529,서울특별시 서초구 신반포로 32,,
2021_08709,서울특별시 서초구 신반포로 32,,
2021_08746,서울특별시 강서구 화곡로21길 71-1,,
2021_08918,서울특별시 은평구 서오릉로 80-1,,
2021_09341,서울특별시 강남구 남부순환로 2803,,
2021_09343,서울특별시 송파구 성내천로6길 1-13,,
2021_09580,서울특별시 금천구 시흥대로 291-1,,
2021_09631,서울특별시 은평구 서오릉로 80-1,,
2021_09785,서울특별시 서초구 잠원로 86,,
2021_09787,서울특별시 서초구 잠원로 86,,
2021_09933,서울특별시 서초구 잠원로4길 34-11,,
2021_10257,서울특별시 금천구 시흥대로 291-1,,
2021_10461,서울특별시 금천구 시흥대로 291-1,,
2021_10465,서울특별시 금천구 시흥대로 291-1,,
2021_10686,서울특별시 강동구 올림픽로78길 15-8,,
2021_10823,서울특별시 중구 서소문로 89-1,,
2021_10842,서울특별시 노원구 노원로1길 103,,
2021_10877,서울특별시 서초구 신반포로 9,,
2021_10959,서울특별시 은평구 연서로28길 8-1,,
2021_11033,서울특별시 강남구 남부순환로 2803,,
2021_11147,서울특별시 마포구 마포대로19길 8,,
2021_11576,서울특별시 서초구 나루터로4길 28,,
2021_11611,서울특별시 은평구 서오릉로 80-1,,
2021_11612,서울특별시 은평구 서오릉로 80-1,,
2021_11678,서울특별시 용산구 유엔빌리지길 80-1,,
2021_11956,서울특별시 용산구 한강대로62길 45-1,,
2021_12045,서울특별시 서초구 잠원로 195,,
2021_12055,서울특별시 서초구 신반포로 32,,
2021_12120,서울특별시 금천구 시흥대로 291-1,,
2021_12319,서울특별시 강동구 진황도로 18,,
2021_12329,서울특별시 강동구 진황도로 18,,
2021_13043,서울특별시 금천구 시흥대로 291-1,,
2021_13242,서울특별시 서초구 효령로34길 79,,
2021_13677,서울특별시 서초구 신반포로 9,,
2021_13681,서울특별시 서초구 신반포로 9,,
2021_13701,서울특별시 서초구 효령로34길 79,,
2021_13706,서울특별시 서초구 신반포로 9,,
2021_13968,서울특별시 은평구 서오릉로 80-1,,
2021_14038,서울특별시 서초구 신반포로 32,,
2021_14532,서울특별시 동대문구 정릉천동로 100,,
2021_14543,서울특별시 서초구 나루터로4길 28,,
2021_14561,서울특별시 서초구 신반포로 9,,
2021_14565,서울특별시 서초구 나루터로4길 28,,
2021_14589,서울특별시 서초구 신반포로 32,,
2021_14802,서울특별시 서초구 신반포로 45,,
2021_14803,서울특별시 서초구 신반포로 32,,
2021_14868,서울특별시 은평구 은평로 116-1,,
2021_14999,서울특별시 서초구 나루터로4길 39,,
2021_15343,서울특별시 동작구 사당로23길 4,,
2021_15397,서울특별시 금천구 시흥대로 291-1,,
2021_15967,서울특별시 강동구 진황도로 18,,
2021_16084,서울특별시 은평구 연서로19길 9,,
2021_16367,서울특별시 서초구 효령로34길 79,,
2021_16421,서울특별시 송파구 성내천로6길 1-13,,
2021_16428,서울특별시 서초구 신반포로 9,,
2021_16480,서울특별시 금천구 시흥대로 291-1,,
2021_16677,서울특별시 은평구 서오릉로 80-1,,
2021_16852,서울특별시 서초구 나루터로4길 28,,
2021_17034,서울특별시 서초구 효령로34길 79,,
2021_17167,서울특별시 강남구 남부순환로 2803,,
2021_17314,서울특별시 강서구 화곡로21길 71-1,,
2021_17419,서울특별시 노원구 노원로1길 103,,
2021_17643,서울특별시 서초구 신반포로 32,,
2021_17676,서울특별시 강남구 남부순환로 2803,,
2021_17732,서울특별시 은평구 서오릉로 80-1,,
2021_18054,서울특별시 서초구 나루터로4길 28,,
2021_18443,서울특별시 서초구 나루터로4길 39,,
2021_18467,서울특별시 서초구 신반포로 9,,
2021_18658,서울특별시 서초구 신반포로 32,,
2021_18705,서울특별시 금천구 시흥대로 291-1,,
2021_18737,서울특별시 은평구 은평로 116-1,,
2021_18954,서울특별시 노원구 노원로1길 103,,
2021_18968,서울특별시 서초구 신반포로 32,,
2021_19269,서울특별시 서초구 나루터로4길 39,,
2021_19275,서울특별시 서초구 신반포로 32,,
2021_19276,서울특별시 서초구 신반포로 32,,
2021_19404,서울특별시 은평구 서오릉로2길 12-1,,
2021_19778,서울특별시 서초구 나루터로4길 49,,
2021_20109,서울특별시 서초구 나루터로4길 28,,
2021_20185,서울특별시 금천구 시흥대로 291-1,,
2021_20550,서울특별시 서초구 나루터로4길 39,,
2021_20551,서울특별시 서초구 나루터로4길 39,,
2021_20899,서울특별시 서초구 신반포로 32,,
2021_20930,서울특별시 서초구 나루터로4길 28,,
2021_20931,서울특별시 서초구 신반포로 32,,
2021_20933,서울특별시 서초구 나루터로4길 28,,
2021_21132,서울특별시 강동구 고덕로25길 13-11,,
2021_21136,서울특별시 서초구 신반포로 45,,
2021_21395,서울특별시 서초구 신반포로 45,,
2021_21635,서울특별시 서초구 신반포로 32,,
2021_21663,서울특별시 동작구 상도로 164,,
2021_21664,서울특별시 동작구 상도로 164,,
2021_21665,서울특별시 동작구 상도로 164,,
2021_21666,서울특별시 동작구 상도로 164,,
2021_21667,서울특별시 동작구 상도로 164,,
2021_21668,서울특별시 동작구 상도로 164,,
2021_21669,서울특별시 동작구 상도로 164,,
2021_21670,서울특별시 동작구 상도로 164,,
2021_21677,서울특별시 동작구 상도로 164,,
2021_21678,서울특별시 동작구 상도로 164,,
2021_21679,서울특별시 동작구 상도로 164,,
2021_21680,서울특별시 동작구 상도로 164,,
2021_21681,서울특별시 동작구 상도로 164,,
2021_21682,서울특별시 동작구 상도로 164,,
2021_21685,서울특별시 동작구 상도로 164,,
2021_21686,서울특별시 동작구 상도로 164,,
2021_21687,서울특별시 동작구 상도로 164,,
2021_21688,서울특별시 동작구 상도로 164,,
2021_21689,서울특별시 동작구 상도로 164,,
2021_21690,서울특별시 동작구 상도로 164,,
2021_21691,서울특별시 동작구 상도로 164,,
2021_21692,서울특별시 동작구 상도로 164,,
2021_21693,서울특별시 동작구 상도로 164,,
2021_21694,서울특별시 동작구 상도로 164,,
2021_21695,서울특별시 동작구 상도로 164,,
2021_21696,서울특별시 동작구 상도로 164,,
2021_21697,서울특별시 동작구 상도로 164,,
2021_21698,서울특별시 동작구 상도로 164,,
2021_21699,서울특별시 동작구 상도로 164,,
2021_21700,서울특별시 동작구 상도로 164,,
2021_21704,서울특별시 동작구 상도로 164,,
2021_21705,서울특별시 동작구 상도로 164,,
2021_21706,서울특별시 동작구 상도로 164,,
2021_21707,서울특별시 동작구 상도로 164,,
2021_21708,서울특별시 동작구 상도로 164,,
2021_21709,서울특별시 동작구 상도로 164,,
2021_21710,서울특별시 동작구 상도로 164,,
2021_21711,서울특별시 동작구 상도로 164,,
2021_21712,서울특별시 동작구 상도로 164,,
2021_21713,서울특별시 동작구 상도로 164,,
2021_21714,서울특별시 동작구 상도로 164,,
2021_21715,서울특별시 동작구 상도로 164,,
2021_21716,서울특별시 동작구 상도로 164,,
2021_21717,서울특별시 동작구 상도로 164,,
2021_21718,서울특별시 동작구 상도로 164,,
2021_21719,서울특별시 동작구 상도로 164,,
2021_21720,서울특별시 동작구 상도로 164,,
2021_21721,서울특별시 동작구 상도로 164,,
2021_21723,서울특별시 동작구 상도로 164,,
2021_21725,서울특별시 동작구 상도로 164,,
2021_21726,서울특별시 동작구 상도로 164,,
2021_21727,서울특별시 동작구 상도로 164,,
2021_21728,서울특별시 동작구 상도로 164,,
2021_21729,서울특별시 동작구 상도로 164,,
2021_21730,서울특별시 동작구 상도로 164,,
2021_21731,서울특별시 동작구 상도로 164,,
2021_21732,서울특별시 동작구 상도로 164,,
2021_21734,서울특별시 동작구 상도로 164,,
2021_21735,서울특별시 동작구 상도로 164,,
2021_21739,서울특별시 동작구 상도로 164,,
2021_21740,서울특별시 동작구 상도로 164,,
2021_21754,서울특별시 동작구 상도로 164,,
2021_21764,서울특별시 동작구 상도로 164,,
2021_21765,서울특별시 동작구 상도로 164,,
2021_21766,서울특별시 동작구 상도로 164,,
2021_21767,서울특별시 동작구 상도로 164,,
2021_21768,서울특별시 동작구 상도로 164,,
2021_21769,서울특별시 동작구 상도로 164,,
2021_21770,서울특별시 동작구 상도로 164,,
2021_21771,서울특별시 동작구 상도로 164,,
2021_21772,서울특별시 동작구 상도로 164,,
2021_21773,서울특별시 동작구 상도로 164,,
2021_21777,서울특별시 동작구 상도로 164,,
2021_21778,서울특별시 동작구 상도로 164,,
2021_21779,서울특별시 동작구 상도로 164,,
2021_21780,서울특별시 동작구 상도로 164,,
2021_21781,서울특별시 동작구 상도로 164,,
2021_21782,서울특별시 동작구 상도로 164,,
2021_21783,서울특별시 동작구 상도로 164,,
2021_21784,서울특별시 동작구 상도로 164,,
2021_21785,서울특별시 동작구 상도로 164,,
2021_21786,서울특별시 동작구 상도로 164,,
2021_21787,서울특별시 동작구 상도로 164,,
2021_21788,서울특별시 동작구 상도로 164,,
2021_21789,서울특별시 동작구 상도로 164,,
2021_21790,서울특별시 동작구 상도로 164,,
2021_21795,서울특별시 동작구 상도로 164,,
2021_21797,서울특별시 동작구 상도로 164,,
2021_21798,서울특별시 동작구 상도로 164,,
2021_21801,서울특별시 동작구 상도로 164,,
2021_21805,서울특별시 동작구 상도로 164,,
2021_21806,서울특별시 동작구 상도로 164,,
2021_21807,서울특별시 동작구 상도로 164,,
2021_21808,서울특별시 동작구 상도로 164,,
2021_21809,서울특별시 동작구 상도로 164,,
2021_21812,서울특별시 동작구 상도로 164,,
2021_21813,서울특별시 동작구 상도로 164,,
2021_21814,서울특별시 동작구 상도로 164,,
2021_21815,서울특별시 동작구 상도로 164,,
2021_21989,서울특별시 서초구 신반포로 32,,
2021_22012,서울특별시 서초구 나루터로4길 39,,
2021_22017,서울특별시 서초구 신반포로 45,,
2021_22962,서울특별시 서초구 나루터로4길 49,,
2021_22970,서울특별시 강동구 진황도로 12,,
2021_23041,서울특별시 용산구 한강대로62길 45-1,,
2021_23094,서울특별시 노원구 노원로1길 103,,
2021_23315,서울특별시 서초구 신반포로 45,,
2021_23665,서울특별시 서초구 잠원로 195,,
2021_23670,서울특별시 서초구 신반포로 32,,
2021_23671,서울특별시 서초구 신반포로 9,,
2021_23672,서울특별시 서초구 잠원로 195,,
2021_23690,서울특별시 서초구 잠원로 195,,
2021_23910,서울특별시 서초구 나루터로4길 39,,
2021_23917,서울특별시 서초구 나루터로4길 39,,
2021_24178,서울특별시 서초구 신반포로 45,,
2021_24414,서울특별시 서초구 신반포로 9,,
2021_24416,서울특별시 서초구 신반포로 32,,
2021_24765,서울특별시 금천구 시흥대로 291-1,,
2021_24884,서울특별시 서초구 신반포로 32,,
2021_24904,서울특별시 서초구 나루터로4길 28,,
2021_24963,서울특별시 동작구 사당로23길 4,,
2021_24978,서울특별시 동대문구 왕산로 21-14,,
2021_24982,서울특별시 동대문구 왕산로 21-14,,
2021_24991,서울특별시 동대문구 왕산로 21-14,,
2021_24992,서울특별시 동대문구 왕산로 21-14,,
2021_24993,서울특별시 동대문구 왕산로 21-14,,
2021_24994,서울특별시 동대문구 왕산로 21-14,,
2021_24995,서울특별시 동대문구 왕산로 21-14,,
2021_24996,서울특별시 동대문구 왕산로 21-14,,
2021_25001,서울특별시 동대문구 왕산로 21-14,,
2021_25002,서울특별시 동대문구 왕산로 21-14,,
2021_25003,서울특별시 동대문구 왕산로 21-14,,
2021_25004,서울특별시 동대문구 왕산로 21-14,,
2021_25005,서울특별시 동대문구 왕산로 21-14,,
2021_25011,서울특별시 동대문구 왕산로 21-14,,
2021_25016,서울특별시 동대문구 왕산로 21-14,,
2021_25017,서울특별시 동대문구 왕산로 21-14,,
2021_25018,서울특별시 동대문구 왕산로 21-14,,
2021_25019,서울특별시 동대문구 왕산로 21-14,,
2021_25021,서울특별시 동대문구 왕산로 21-14,,
2021_25027,서울특별시 동대문구 왕산로 21-14,,
2021_25032,서울특별시 동대문구 왕산로 21-14,,
2021_25034,서울특별시 동대문구 왕산로 21-14,,
2021_25038,서울특별시 동대문구 왕산로 21-14,,
2021_25039,서울특별시 동대문구 왕산로 21-14,,
2021_25041,서울특별시 동대문구 왕산로 21-14,,
2021_25042,서울특별시 동대문구 왕산로 21-14,,
2021_25217,서울특별시 동작구 사당로23길 4,,
2021_25359,서울특별시 서초구 효령로34길 79,,
2021_25505,서울특별시 용산구 한강대로62길 45-1,,
2021_25594,서울특별시 금천구 시흥대로 291-1,,
2021_25776,서울특별시 노원구 노원로1길 103,,
2021_26002,서울특별시 은평구 서오릉로2길 12-1,,
2021_26206,서울특별시 서초구 나루터로4길 39,,
2021_26222,서울특별시 서초구 신반포로 32,,
2021_26391,서울특별시 은평구 서오릉로2길 12-1,,
2021_26559,서울특별시 강서구 화곡로21길 71-1,,
2021_26659,서울특별시 서초구 나루터로4길 28,,
2021_26660,서울특별시 서초구 나루터로4길 49,,
2021_26664,서울특별시 서초구 신반포로 9,,
2021_27040,서울특별시 강서구 화곡로21길 71-1,,
2021_27159,서울특별시 서초구 신반포로 9,,
2021_27160,서울특별시 서초구 신반포로 9,,
2021_27178,서울특별시 서초구 나루터로4길 28,,
2021_27569,서울특별시 서초구 신반포로 45,,
2021_27587,서울특별시 송파구 성내천로6길 1-13,,
2021_27632,서울특별시 종로구 평창문화로 171,,
2021_27721,서울특별시 서초구 신반포로 32,,
2021_27747,서울특별시 서초구 나루터로4길 28,,
2021_27805,서울특별시 은평구 연서로28길 12-1,,
2021_27935,서울특별시 서초구 신반포로 32,,
2021_27993,서울특별시 송파구 성내천로6길 1-13,,
2021_28001,서울특별시 서초구 나루터로4길 28,,
2021_28002,서울특별시 서초구 나루터로4길 49,,
2021_28336,서울특별시 서초구 나루터로4길 39,,
2021_28549,서울특별시 마포구 마포대로19길 8,,
2021_28693,서울특별시 서초구 나루터로4길 49,,
2021_29211,서울특별시 서초구 나루터로4길 49,,
2021_29264,서울특별시 동작구 사당로23길 4,,
2021_29308,서울특별시 금천구 시흥대로 291-1,,
2021_29445,서울특별시 서초구 신반포로 9,,
2021_29600,서울특별시 서초구 나루터로4길 28,,
2021_29754,서울특별시 서초구 신반포로 32,,
2021_30049,서울특별시 서초구 나루터로4길 28,,
2021_30263,서울특별시 서초구 신반포로 32,,
2021_30486,서울특별시 구로구 개봉로3가길 88-41,,
2021_30575,서울특별시 서초구 신반포로 32,,
2021_30937,서울특별시 서초구 나루터로4길 28,,
2021_31060,서울특별시 중구 서소문로 89-1,,
2021_31383,서울특별시 금천구 시흥대로 291-1,,
2021_31476,서울특별시 동대문구 정릉천동로 100,,
2021_31758,서울특별시 금천구 시흥대로 291-1,,
2021_32100,서울특별시 서초구 신반포로 45,,
2021_32353,서울특별시 은평구 연서로28길 8-1,,
2021_32698,서울특별시 서초구 신반포로 45,,
2021_32699,서울특별시 서초구 나루터로4길 28,,
2021_32822,서울특별시 구로구 구로중앙로18길 11-1,,
2021_32850,서울특별시 금천구 시흥대로 291-1,,
2021_32925,서울특별시 서초구 신반포로 32,,
2021_33308,서울특별시 송파구 성내천로6길 1-13,,
2021_33728,서울특별시 서초구 나루터로4길 39,,
2021_33818,서울특별시 금천구 시흥대로 291-1,,
2021_34172,서울특별시 서초구 효령로34길 79,,
2021_34182,서울특별시 서초구 나루터로4길 28,,
2021_34432,서울특별시 서초구 신반포로 45,,
2021_34597,서울특별시 강동구 고덕로25길 13-11,,
2021_34683,서울특별시 금천구 시흥대로 291-1,,
2021_34912,서울특별시 서초구 신반포로 267,,
2021_35119,서울특별시 송파구 올림픽로 399,,
2021_35370,서울특별시 은평구 서오릉로 107-1,,
2021_35411,서울특별시 은평구 서오릉로 107-1,,
2021_35500,서울특별시 서초구 나루터로4길 39,,
2021_35501,서울특별시 서초구 나루터로4길 39,,
2021_35572,서울특별시 서초구 잠원로 86,,
2021_35573,서울특별시 서초구 잠원로 86,,
2021_35768,서울특별시 동작구 사당로23길 4,,
2021_35841,서울특별시 서초구 나루터로4길 39,,
2021_35845,서울특별시 서초구 나루터로4길 39,,
2021_35857,서울특별시 서초구 나루터로4길 39,,
2021_35927,서울특별시 종로구 세검정로 384-13,,
2021_35928,서울특별시 종로구 평창문화로 171,,
2021_36078,서울특별시 송파구 올림픽로 399,,
2021_36128,서울특별시 금천구 시흥대로 291-1,,
2021_36570,서울특별시 서초구 효령로34길 79,,
2021_36583,서울특별시 서초구 나루터로4길 49,,
2021_36595,서울특별시 서초구 신반포로 9,,
2021_36765,서울특별시 마포구 마포대로19길 8,,
2021_36768,서울특별시 금천구 시흥대로 291-1,,
2021_36769,서울특별시 금천구 시흥대로 291-1,,
2021_37163,서울특별시 동작구 사당로23길 4,,
2021_37214,서울특별시 서초구 신반포로 45,,
2021_37437,서울특별시 금천구 시흥대로 291-1,,
2021_37832,서울특별시 금천구 시흥대로 291-1,,
2021_37929,서울특별시 금천구 시흥대로 291-1,,
2021_37930,서울특별시 금천구 시흥대로 291-1,,
2021_37956,서울특별시 강남구 남부순환로 2803,,
2021_37998,서울특별시 서초구 신반포로 32,,
2021_37999,서울특별시 서초구 신반포로 45,,
2021_38007,서울특별시 서초구 나루터로4길 39,,
2021_38069,서울특별시 서초구 신반포로 32,,
2021_38540,서울특별시 서초구 잠원로4길 34-11,,
2021_38590,서울특별시 서초구 신반포로 32,,
2021_38776,서울특별시 금천구 시흥대로 291-1,,
2021_38779,서울특별시 금천구 시흥대로 291-1,,
2021_38837,서울특별시 서초구 나루터로4길 39,,
2021_38868,서울특별시 서초구 나루터로4길 39,,
2021_39417,서울특별시 금천구 시흥대로 291-1,,
2021_39447,서울특별시 금천구 시흥대로 291-1,,
2021_39546,서울특별시 서초구 나루터로4길 49,,
2021_39856,서울특별시 서초구 효령로34길 79,,
2021_39877,서울특별시 서초구 신반포로 9,,
2021_40143,서울특별시 송파구 올림픽로 399,,
2021_40167,서울특별시 성북구 37,,
2021_40425,서울특별시 서초구 신반포로 9,,
2021_40645,서울특별시 동작구 27,,
2021_40649,서울특별시 관악구 구암길 95,,
2021_40671,서울특별시 송파구 올림픽로 399,,
2021_40679,서울특별시 강남구 남부순환로 2803,,
2021_40693,서울특별시 서초구 나루터로4길 39,,
2021_40731,서울특별시 서초구 나루터로4길 39,,
2021_40744,서울특별시 서초구 신반포로 9,,
2021_40745,서울특별시 서초구 신반포로 45,,
2021_41079,서울특별시 마포구 효창원로93길 18,,
2021_41102,서울특별시 서초구 나루터로4길 49,,
2021_41103,서울특별시 서초구 나루터로4길 28,,
2021_41123,서울특별시 송파구 올림픽로 399,,
2021_41159,서울특별시 서초구 신반포로 32,,
2021_41561,서울특별시 은평구 서오릉로 107-1,,
2021_41602,서울특별시 금천구 시흥대로 291-1,,
2021_41616,서울특별시 서초구 나루터로4길 28,,
2021_41634,서울특별시 서초구 신반포로 45,,
2021_41869,서울특별시 서초구 신반포로 32,,
2021_42037,서울특별시 노원구 노원로1길 103,,
2021_42060,서울특별시 금천구 시흥대로 291-1,,
2021_42073,서울특별시 금천구 시흥대로 291-1,,
2021_42318,서울특별시 서초구 나루터로4길 39,,
2021_42319,서울특별시 서초구 나루터로4길 39,,
2021_42373,서울특별시 서초구 신반포로 45,,
2021_42525,서울특별시 금천구 시흥대로 291-1,,
2021_42576,서울특별시 서초구 나루터로4길 28,,
2021_42578,서울특별시 서초구 신반포로 9,,
2021_42633,서울특별시 성북구 37,,
2021_42794,서울특별시 서초구 신반포로33길 30,,
2021_42847,서울특별시 서초구 신반포로 45,,
2021_42848,서울특별시 서초구 나루터로4길 39,,
2021_42849,서울특별시 서초구 나루터로4길 39,,
